{
  "timestamp": "2025-10-20T05:29:09.479588",
  "n_documents": 6536,
  "n_features": 20046,
  "best_params": {
    "n_components": 3,
    "learning_decay": 0.8985297147842896,
    "learning_offset": 57
  },
  "best_perplexity": 10752.413041193853,
  "n_trials": 30
}