{
  "timestamp": "2025-08-11T05:34:29.868903",
  "n_documents": 3574,
  "n_features": 14911,
  "best_params": {
    "n_components": 3,
    "learning_decay": 0.8930890350575922,
    "learning_offset": 69
  },
  "best_perplexity": 11686.835032309436,
  "n_trials": 30
}