{
  "timestamp": "2026-04-13T07:28:14.601843",
  "n_documents": 14530,
  "n_features": 27948,
  "best_params": {
    "n_components": 3,
    "learning_decay": 0.8853554431786329,
    "learning_offset": 72
  },
  "best_perplexity": 7457.672283662706,
  "n_trials": 30
}