{
  "timestamp": "2025-12-22T05:35:33.819121",
  "n_documents": 9005,
  "n_features": 23310,
  "best_params": {
    "n_components": 3,
    "learning_decay": 0.5806284108131778,
    "learning_offset": 90
  },
  "best_perplexity": 10808.919820054469,
  "n_trials": 30
}