{
  "timestamp": "2025-12-29T05:40:36.024368",
  "n_documents": 9348,
  "n_features": 23554,
  "best_params": {
    "n_components": 3,
    "learning_decay": 0.667065932100644,
    "learning_offset": 80
  },
  "best_perplexity": 10287.769422001502,
  "n_trials": 30
}