{
  "timestamp": "2026-07-06T09:18:10.419590",
  "n_documents": 18758,
  "n_features": 31954,
  "best_params": {
    "n_components": 7,
    "learning_decay": 0.7591240462669597,
    "learning_offset": 84
  },
  "best_perplexity": 6605.510132301277,
  "n_trials": 30
}