{
  "timestamp": "2026-02-09T06:17:43.909523",
  "n_documents": 11317,
  "n_features": 25276,
  "best_params": {
    "n_components": 3,
    "learning_decay": 0.7735028824464516,
    "learning_offset": 72
  },
  "best_perplexity": 10156.627003398726,
  "n_trials": 30
}