{
  "timestamp": "2026-03-02T06:06:30.061503",
  "n_documents": 12444,
  "n_features": 26220,
  "best_params": {
    "n_components": 3,
    "learning_decay": 0.8134391508079954,
    "learning_offset": 79
  },
  "best_perplexity": 9607.755953243535,
  "n_trials": 30
}