{
  "timestamp": "2025-09-15T05:26:01.115515",
  "n_documents": 4818,
  "n_features": 17223,
  "best_params": {
    "n_components": 3,
    "learning_decay": 0.7323756283440271,
    "learning_offset": 44
  },
  "best_perplexity": 11656.846279486252,
  "n_trials": 30
}