{
  "timestamp": "2025-11-10T05:30:29.161159",
  "n_documents": 7679,
  "n_features": 21616,
  "best_params": {
    "n_components": 3,
    "learning_decay": 0.5528775394222661,
    "learning_offset": 66
  },
  "best_perplexity": 10396.207325335256,
  "n_trials": 30
}