{
  "timestamp": "2025-09-29T05:26:41.311358",
  "n_documents": 5485,
  "n_features": 18363,
  "best_params": {
    "n_components": 3,
    "learning_decay": 0.5732434938294542,
    "learning_offset": 43
  },
  "best_perplexity": 12233.684958485092,
  "n_trials": 30
}