{
  "timestamp": "2026-06-15T11:10:32.690236",
  "n_documents": 17693,
  "n_features": 30920,
  "best_params": {
    "n_components": 4,
    "learning_decay": 0.5743820767926461,
    "learning_offset": 55
  },
  "best_perplexity": 8285.791697664523,
  "n_trials": 30
}