{
  "timestamp": "2025-12-15T05:36:58.377198",
  "n_documents": 8638,
  "n_features": 23042,
  "best_params": {
    "n_components": 4,
    "learning_decay": 0.6968844863184499,
    "learning_offset": 69
  },
  "best_perplexity": 10268.384915158997,
  "n_trials": 30
}