{
  "timestamp": "2026-02-23T06:17:43.456787",
  "n_documents": 12030,
  "n_features": 25854,
  "best_params": {
    "n_components": 3,
    "learning_decay": 0.6244720841343382,
    "learning_offset": 61
  },
  "best_perplexity": 8043.3478911103,
  "n_trials": 30
}