{
  "timestamp": "2025-08-04T05:41:53.440311",
  "n_documents": 3269,
  "n_features": 14217,
  "best_params": {
    "n_components": 3,
    "learning_decay": 0.5978950434255416,
    "learning_offset": 82
  },
  "best_perplexity": 11422.867705473456,
  "n_trials": 30
}