{
  "timestamp": "2026-05-04T08:02:27.320112",
  "n_documents": 15709,
  "n_features": 28969,
  "best_params": {
    "n_components": 5,
    "learning_decay": 0.6941064666956771,
    "learning_offset": 93
  },
  "best_perplexity": 8953.383973409822,
  "n_trials": 30
}