{
  "timestamp": "2025-11-03T05:30:10.334624",
  "n_documents": 7304,
  "n_features": 21065,
  "best_params": {
    "n_components": 3,
    "learning_decay": 0.5678924990398632,
    "learning_offset": 56
  },
  "best_perplexity": 11458.681140826948,
  "n_trials": 30
}