{
  "timestamp": "2025-07-07T05:28:36.862984",
  "n_documents": 1711,
  "n_features": 10303,
  "best_params": {
    "n_components": 3,
    "learning_decay": 0.896054430145216,
    "learning_offset": 100
  },
  "best_perplexity": 11305.747710292258,
  "n_trials": 30
}