{
  "timestamp": "2025-10-13T05:28:26.210405",
  "n_documents": 6162,
  "n_features": 19517,
  "best_params": {
    "n_components": 3,
    "learning_decay": 0.8512229950701605,
    "learning_offset": 75
  },
  "best_perplexity": 11225.950480228903,
  "n_trials": 30
}