{
  "timestamp": "2026-05-18T09:00:42.683184",
  "n_documents": 16437,
  "n_features": 29748,
  "best_params": {
    "n_components": 4,
    "learning_decay": 0.6812518934777504,
    "learning_offset": 57
  },
  "best_perplexity": 9130.79132828678,
  "n_trials": 30
}