{
  "timestamp": "2026-03-09T06:11:38.645064",
  "n_documents": 12791,
  "n_features": 26491,
  "best_params": {
    "n_components": 5,
    "learning_decay": 0.7990509482879671,
    "learning_offset": 77
  },
  "best_perplexity": 9140.75553791185,
  "n_trials": 30
}