{
  "timestamp": "2025-09-08T05:25:53.964019",
  "n_documents": 4818,
  "n_features": 17223,
  "best_params": {
    "n_components": 3,
    "learning_decay": 0.7640113231651375,
    "learning_offset": 32
  },
  "best_perplexity": 11641.329397431638,
  "n_trials": 30
}