{
  "timestamp": "2026-01-05T05:46:20.100765",
  "n_documents": 9647,
  "n_features": 23845,
  "best_params": {
    "n_components": 4,
    "learning_decay": 0.8957373004773778,
    "learning_offset": 62
  },
  "best_perplexity": 7087.226370780191,
  "n_trials": 30
}