{
  "timestamp": "2026-02-02T06:14:36.450292",
  "n_documents": 10947,
  "n_features": 24961,
  "best_params": {
    "n_components": 4,
    "learning_decay": 0.7561254334413273,
    "learning_offset": 92
  },
  "best_perplexity": 7291.663943070914,
  "n_trials": 30
}