{
  "timestamp": "2025-09-22T05:26:28.608322",
  "n_documents": 5156,
  "n_features": 17814,
  "best_params": {
    "n_components": 3,
    "learning_decay": 0.8104180938830423,
    "learning_offset": 88
  },
  "best_perplexity": 10432.075520945045,
  "n_trials": 30
}