{
  "timestamp": "2025-06-17T10:39:54.246197",
  "n_documents": 605,
  "n_features": 6063,
  "best_params": {
    "n_components": 3,
    "learning_decay": 0.7505932832374509,
    "learning_offset": 32
  },
  "best_perplexity": 12466.89766954836,
  "n_trials": 30
}