{
  "timestamp": "2026-01-19T05:43:51.390353",
  "n_documents": 10366,
  "n_features": 24453,
  "best_params": {
    "n_components": 3,
    "learning_decay": 0.7678606821737839,
    "learning_offset": 75
  },
  "best_perplexity": 10020.7456850534,
  "n_trials": 30
}