{
  "timestamp": "2026-06-08T09:41:16.704713",
  "n_documents": 17333,
  "n_features": 30583,
  "best_params": {
    "n_components": 8,
    "learning_decay": 0.7903605024496929,
    "learning_offset": 47
  },
  "best_perplexity": 6176.1659412725685,
  "n_trials": 30
}