{
  "timestamp": "2025-11-17T05:31:49.937580",
  "n_documents": 7985,
  "n_features": 22061,
  "best_params": {
    "n_components": 4,
    "learning_decay": 0.6043860116397071,
    "learning_offset": 27
  },
  "best_perplexity": 10163.939179218696,
  "n_trials": 30
}