{
  "timestamp": "2026-01-12T05:42:12.881562",
  "n_documents": 9976,
  "n_features": 24108,
  "best_params": {
    "n_components": 8,
    "learning_decay": 0.5412843524716168,
    "learning_offset": 90
  },
  "best_perplexity": 8116.390788830336,
  "n_trials": 30
}