{
  "timestamp": "2026-03-23T06:23:37.356427",
  "n_documents": 13440,
  "n_features": 27045,
  "best_params": {
    "n_components": 3,
    "learning_decay": 0.853347348375359,
    "learning_offset": 69
  },
  "best_perplexity": 9032.646738483241,
  "n_trials": 30
}