{
  "timestamp": "2026-05-25T09:13:07.383636",
  "n_documents": 16808,
  "n_features": 30077,
  "best_params": {
    "n_components": 5,
    "learning_decay": 0.7022314857261229,
    "learning_offset": 32
  },
  "best_perplexity": 8736.378086540715,
  "n_trials": 30
}