{
  "timestamp": "2026-06-01T10:39:17.491667",
  "n_documents": 17048,
  "n_features": 30325,
  "best_params": {
    "n_components": 13,
    "learning_decay": 0.8243352853515525,
    "learning_offset": 69
  },
  "best_perplexity": 6803.007568060828,
  "n_trials": 30
}