{
  "timestamp": "2026-03-30T07:05:37.384955",
  "n_documents": 13823,
  "n_features": 27357,
  "best_params": {
    "n_components": 5,
    "learning_decay": 0.7722255320992102,
    "learning_offset": 20
  },
  "best_perplexity": 9742.992169927928,
  "n_trials": 30
}