{
  "timestamp": "2026-02-16T06:16:52.894968",
  "n_documents": 11661,
  "n_features": 25520,
  "best_params": {
    "n_components": 5,
    "learning_decay": 0.606636292363802,
    "learning_offset": 33
  },
  "best_perplexity": 9836.261302733823,
  "n_trials": 30
}