{
  "timestamp": "2026-06-22T10:58:15.614609",
  "n_documents": 18014,
  "n_features": 31205,
  "best_params": {
    "n_components": 5,
    "learning_decay": 0.7724484269378251,
    "learning_offset": 59
  },
  "best_perplexity": 9053.525272923338,
  "n_trials": 30
}