{
  "timestamp": "2026-04-20T07:30:34.543564",
  "n_documents": 14931,
  "n_features": 28291,
  "best_params": {
    "n_components": 4,
    "learning_decay": 0.6758249851391477,
    "learning_offset": 84
  },
  "best_perplexity": 8090.107618476655,
  "n_trials": 30
}