{
  "timestamp": "2025-12-01T05:39:22.582984",
  "n_documents": 8378,
  "n_features": 22721,
  "best_params": {
    "n_components": 3,
    "learning_decay": 0.7067017690519972,
    "learning_offset": 84
  },
  "best_perplexity": 10523.88369869988,
  "n_trials": 30
}